School ID,Location X,Location Y,Quality,Capacity
0,2852,2435,63.87718469856228,185
1,159,3429,77.68152858837064,324
2,4761,2145,72.19128641103097,315
3,1560,2413,37.07347897978505,95
4,4171,3155,61.55969318945111,195
