School ID,Location X,Location Y,Quality,Capacity
0,19551,42509,57.16048009609399,291
1,16427,25289,42.32960008118977,98
2,19730,41281,76.30538029574231,268
3,26315,13731,53.31770283871404,64
4,6046,47250,37.130399276636965,198
5,1373,15548,59.48645367950252,54
6,25582,38065,53.235390564790244,201
7,21614,24546,44.22655011904813,259
8,49142,44164,57.83728526407311,137
9,35303,35409,48.07257800467425,170
