School ID,Location X,Location Y,Quality,Capacity
0,445,17,23.98719081535821,65
1,235,179,39.84426330139233,56
2,68,57,91.29610418993327,63
3,399,267,87.77995823417518,50
4,188,165,51.175472786500734,43
