School ID,Location X,Location Y,Quality,Capacity
0,5686,42304,80.85901521259704,133
1,7084,97,41.677689430572194,66
