School ID,Location X,Location Y,Quality,Capacity
0,32363,46324,51.0039959857754,243
1,80,14779,25.133117320396092,73
