School ID,Location X,Location Y,Quality,Capacity
0,4005,294,47.301991100572444,144
1,11925,34301,55.20441370777861,344
2,48655,46129,70.045634187822,142
3,27638,37687,70.27423631369051,282
4,7974,47075,17.289672587484212,166
