School ID,Location X,Location Y,Quality,Capacity
0,21037,39227,64.22349872686785,191
1,29191,18759,64.73981555565301,206
