Student ID,Location X,Location Y,Income,Achievement,Noisy Achievement,Matched School ID (True),Rank in True Preferences (True),Matched School ID (Noisy),Rank in True Preferences (Noisy),Rank Distance (Noisy - True)
0,15549,23365,43.094460951956584,20.0,0.0,0,1,0,1,0
1,30248,18874,65.42286468221607,100.0,82.62081361950833,0,1,0,1,0
2,17042,36555,40.7605296657623,80.0,79.34554304213445,0,1,0,1,0
3,5436,23504,47.713242969278696,40.0,9.451369848042365,0,1,1,2,1
4,15083,10882,24.393444386438404,60.0,57.508038612335966,0,1,0,1,0
