Student ID,Location X,Location Y,Income,Achievement,Noisy Achievement,Matched School ID (True),Rank in True Preferences (True),Matched School ID (Noisy),Rank in True Preferences (Noisy),Rank Distance (Noisy - True)
0,24221,10633,42.922462471105646,60.0,67.6731628009264,1,1,1,1,0
1,11448,49892,58.65516524517909,20.0,13.753062691145796,1,1,1,1,0
2,17281,14014,46.2321847361855,100.0,77.84644188705306,1,1,1,1,0
3,44132,38775,61.23326020479479,40.0,53.931147230390714,1,1,1,1,0
4,32385,26009,52.868372991715844,80.0,81.31139338138826,1,1,1,1,0
